Model,Train_N-RMSE,Train_N-MAE,Train_R2,Test_N-RMSE,Test_N-MAE,Test_R2,Test_MAPE
Transformer,0.0863988625932426,0.0658342704821825,0.9929665572133008,0.5294546389743897,0.4257630165640309,0.5375634538656153,3.651552395608703
SGDRegressor,0.4620414360877086,0.3777241106610118,0.7988529078187978,0.563903078512126,0.4645149378965245,0.4754298618072098,4.0142371582273615
DNN-Medium,0.0900262686736517,0.0677416122926737,0.9923635694005192,0.5696043395664707,0.4759826255820323,0.4647690585871749,4.095918206397968
DNN-Small,0.1316645608359539,0.1000485125334844,0.983666107294944,0.5707067505046939,0.4608087322069921,0.4626952842543683,3.951965003645092
ElasticNet,0.460128498307534,0.3828145880747646,0.8005150329341311,0.5726836538928142,0.4662664522310651,0.4589664367558892,4.004355344087204
Lasso,0.4657625951614497,0.3867933599188426,0.795599890318635,0.5763960201427041,0.4626897394469519,0.4519293064744113,3.9638205909204185
LassoLars,0.4657156430910547,0.3867686203959291,0.7956410981129749,0.5764677604856212,0.4627262448166873,0.45179286824444,3.9640402120109455
TCN,0.1305070907888167,0.0971813401350131,0.9839520291809696,0.5774616114927063,0.4818313971505433,0.4499009814611471,4.120821320775418
ARDRegression,0.4541381348248794,0.3776894657098245,0.8056753686217839,0.5804538369110516,0.4803569377143656,0.4441853293240212,4.1420451544488825
BayesianRidge,0.4542807517645292,0.3778411350276605,0.8055532985566136,0.5805257817764841,0.4802957168451809,0.4440475389010143,4.141328136837604
Ridge,0.4541076233770875,0.3777046161136841,0.805701479296995,0.580774592073468,0.4807441112884615,0.4435708801742338,4.145531929329566
OLS,0.4540519135959839,0.3776412185346546,0.8057491493361546,0.5808408840083783,0.4809480016956119,0.4434438468339382,4.147547848243861
OMP,0.4583069978522988,0.3801474766531887,0.8020913001864506,0.5817174896976408,0.4815036794801716,0.4417626688782115,4.149605679552601
Huber,0.460303768057715,0.3729460973273453,0.8003630304410772,0.5826983319288639,0.4796907424441182,0.4398785778238089,4.141851206447793
Mamba-Lite,0.4124334544298719,0.3339181065172033,0.8397272531852413,0.5866387211948464,0.4813626063550859,0.4322775298778741,4.182140158310264
AdaBoost,0.4008235338640221,0.3331443568625185,0.8486235437855006,0.5927016791345325,0.4860979329879105,0.4204819752879858,4.169286108839324
PLS,0.4838652840911187,0.3988658062669116,0.7794023729783904,0.6018829997401113,0.4838520677339683,0.4023887193528871,4.149479657288127
Bagging,0.0184597666036703,0.0090043537006795,0.9996789266051272,0.603961553582831,0.4952504262603032,0.3982539885631169,4.24931391320977
RandomForest,0.0537365740666748,0.0339576416503426,0.997279229823924,0.613499920145604,0.50359626765054,0.3790971487120678,4.31474812308129
GradientBoosting,0.2404365900763201,0.1856061131117425,0.9455305451378568,0.6148423741665667,0.5090786798322912,0.3763768696490924,4.341387590828115
ExtraTrees,0.0543988759441762,0.0378124071458644,0.9972117496820871,0.6166685792211012,0.53247385435786,0.3726667966697055,4.564808096910693
DNN-Large,0.0819771052711751,0.0619803106533022,0.9936680559890922,0.6203588515733255,0.511790771605386,0.3651361480702191,4.399496059931535
LSTM,0.0632086859291757,0.0477750987626075,0.996235516204318,0.6431033683918161,0.5241226146956534,0.317730115726795,4.477053697334256
HistGradientBoosting,0.1287459869634703,0.0975988734862157,0.9843822196556252,0.6626384567162475,0.5650206168135162,0.2756509299421795,4.821411370639393
TheilSen,0.5413163074503285,0.403923895161669,0.7223764637437411,0.6728993951485429,0.5390951837289267,0.2530441911550617,4.638466091903027
GRU,0.0821834424545348,0.0621319718146527,0.993636140742896,0.6872334710352076,0.5811488221930345,0.2208819971356842,5.00766329586557
XGBoost,0.0786745822248632,0.0597419878234287,0.9941679558977488,0.6917967264790684,0.5915747008423747,0.2105009015472647,5.0478292450934825
